{
  "b": 209,
  "disableInputWhenNotFocused": true,
  "mangledName": "Gamemode_32snif_35_93",
  "name": "Gamemode snif#]",
  "oglFOV": 90,
  "oglZFar": 500,
  "oglZNear": 1,
  "r": 209,
  "standardSortMethod": true,
  "stopSoundsOnStartup": true,
  "title": "",
  "v": 209,
  "uiSettings": {
    "grid": false,
    "gridType": "rectangular",
    "gridWidth": 32,
    "gridHeight": 32,
    "gridOffsetX": 0,
    "gridOffsetY": 0,
    "gridColor": 10401023,
    "gridAlpha": 0.8,
    "snap": true,
    "zoomFactor": 1,
    "windowMask": false
  },
  "objectsGroups": [],
  "variables": [],
  "instances": [
    {
      "angle": 0,
      "customSize": false,
      "height": 0,
      "layer": "",
      "locked": false,
      "name": "NewObject",
      "persistentUuid": "02d48ef5-8f4a-4a70-a1f8-bbcbc3028ebd",
      "width": 0,
      "x": 306,
      "y": 232,
      "zOrder": 1,
      "numberProperties": [],
      "stringProperties": [],
      "initialVariables": []
    },
    {
      "angle": 0,
      "customSize": false,
      "height": 0,
      "layer": "",
      "locked": false,
      "name": "NewObject5",
      "persistentUuid": "653556ce-0c78-44db-af50-266e6ed1e421",
      "width": 0,
      "x": 115,
      "y": 476,
      "zOrder": 4,
      "numberProperties": [],
      "stringProperties": [],
      "initialVariables": []
    },
    {
      "angle": 0,
      "customSize": false,
      "height": 0,
      "layer": "",
      "locked": false,
      "name": "NewObject6",
      "persistentUuid": "264da4fb-ad2f-4cb5-809d-b829ce473712",
      "width": 0,
      "x": 322,
      "y": 278,
      "zOrder": 5,
      "numberProperties": [],
      "stringProperties": [],
      "initialVariables": []
    },
    {
      "angle": 0,
      "customSize": false,
      "height": 0,
      "layer": "",
      "locked": false,
      "name": "NewObject7",
      "persistentUuid": "2700c722-498d-442d-921b-6e4279478e8f",
      "width": 0,
      "x": 246,
      "y": 179,
      "zOrder": 6,
      "numberProperties": [],
      "stringProperties": [],
      "initialVariables": []
    }
  ],
  "objects": [
    {
      "bold": false,
      "italic": false,
      "name": "NewObject2",
      "smoothed": true,
      "tags": "",
      "type": "TextObject::Text",
      "underlined": false,
      "variables": [],
      "effects": [],
      "behaviors": [],
      "string": "Race",
      "font": "",
      "characterSize": 20,
      "color": {
        "b": 33,
        "g": 211,
        "r": 126
      }
    },
    {
      "bold": false,
      "italic": false,
      "name": "NewObject",
      "smoothed": true,
      "tags": "",
      "type": "TextObject::Text",
      "underlined": false,
      "variables": [],
      "effects": [],
      "behaviors": [],
      "string": "2-Player",
      "font": "",
      "characterSize": 20,
      "color": {
        "b": 35,
        "g": 166,
        "r": 245
      }
    },
    {
      "additive": false,
      "destroyWhenNoParticles": true,
      "emitterAngleA": 0,
      "emitterAngleB": 90,
      "emitterForceMax": 85,
      "emitterForceMin": 45,
      "flow": 45,
      "maxParticleNb": 300,
      "name": "NewObject3",
      "particleAlpha1": 204,
      "particleAlpha2": 0,
      "particleAlphaRandomness1": 0,
      "particleAlphaRandomness2": 0,
      "particleAngle1": 0,
      "particleAngle2": 0,
      "particleAngleRandomness1": 0,
      "particleAngleRandomness2": 0,
      "particleBlue1": 51,
      "particleBlue2": 0,
      "particleGravityX": 0,
      "particleGravityY": 0,
      "particleGreen1": 51,
      "particleGreen2": 255,
      "particleLifeTimeMax": 2.5,
      "particleLifeTimeMin": 0.5,
      "particleRed1": 255,
      "particleRed2": 255,
      "particleSize1": 100,
      "particleSize2": 100,
      "particleSizeRandomness1": 0,
      "particleSizeRandomness2": 0,
      "rendererParam1": 3,
      "rendererParam2": 1,
      "rendererType": "Point",
      "tags": "",
      "tank": -1,
      "textureParticleName": "",
      "type": "ParticleSystem::ParticleEmitter",
      "zoneRadius": 3,
      "variables": [],
      "effects": [],
      "behaviors": []
    },
    {
      "bold": false,
      "italic": false,
      "name": "NewObject4",
      "smoothed": true,
      "tags": "",
      "type": "TextObject::Text",
      "underlined": false,
      "variables": [],
      "effects": [],
      "behaviors": [],
      "string": "Original",
      "font": "",
      "characterSize": 20,
      "color": {
        "b": 42,
        "g": 87,
        "r": 139
      }
    },
    {
      "bold": false,
      "italic": false,
      "name": "NewObject5",
      "smoothed": true,
      "tags": "",
      "type": "TextObject::Text",
      "underlined": false,
      "variables": [],
      "effects": [],
      "behaviors": [],
      "string": "More gamemodes soon!",
      "font": "",
      "characterSize": 50,
      "color": {
        "b": 0,
        "g": 158,
        "r": 253
      }
    },
    {
      "bold": false,
      "italic": false,
      "name": "NewObject6",
      "smoothed": true,
      "tags": "",
      "type": "TextObject::Text",
      "underlined": false,
      "variables": [],
      "effects": [],
      "behaviors": [],
      "string": "Back",
      "font": "",
      "characterSize": 20,
      "color": {
        "b": 0,
        "g": 0,
        "r": 0
      }
    },
    {
      "bold": false,
      "italic": false,
      "name": "NewObject7",
      "smoothed": true,
      "tags": "",
      "type": "TextObject::Text",
      "underlined": false,
      "variables": [],
      "effects": [],
      "behaviors": [],
      "string": "1 Player (has more levels)",
      "font": "",
      "characterSize": 20,
      "color": {
        "b": 0,
        "g": 0,
        "r": 0
      }
    }
  ],
  "events": [
    {
      "disabled": false,
      "folded": false,
      "type": "BuiltinCommonInstructions::Standard",
      "conditions": [
        {
          "type": {
            "inverted": false,
            "value": "DepartScene"
          },
          "parameters": [
            ""
          ],
          "subInstructions": []
        }
      ],
      "actions": [
        {
          "type": {
            "inverted": false,
            "value": "SceneBackground"
          },
          "parameters": [
            "",
            "\"Blue\""
          ],
          "subInstructions": []
        }
      ],
      "events": []
    },
    {
      "disabled": false,
      "folded": false,
      "type": "BuiltinCommonInstructions::Standard",
      "conditions": [
        {
          "type": {
            "inverted": false,
            "value": "SourisSurObjet"
          },
          "parameters": [
            "NewObject",
            "",
            "",
            ""
          ],
          "subInstructions": []
        },
        {
          "type": {
            "inverted": false,
            "value": "MouseButtonReleased"
          },
          "parameters": [
            "NewObject4",
            "Left"
          ],
          "subInstructions": []
        }
      ],
      "actions": [
        {
          "type": {
            "inverted": false,
            "value": "Scene"
          },
          "parameters": [
            "",
            "\"1 begin scene multi\"",
            ""
          ],
          "subInstructions": []
        }
      ],
      "events": []
    },
    {
      "disabled": false,
      "folded": false,
      "type": "BuiltinCommonInstructions::Standard",
      "conditions": [
        {
          "type": {
            "inverted": false,
            "value": "SourisSurObjet"
          },
          "parameters": [
            "NewObject6",
            "",
            "",
            ""
          ],
          "subInstructions": []
        }
      ],
      "actions": [],
      "events": [
        {
          "disabled": false,
          "folded": false,
          "type": "BuiltinCommonInstructions::Standard",
          "conditions": [
            {
              "type": {
                "inverted": false,
                "value": "SystemInfo::HasTouchScreen"
              },
              "parameters": [
                ""
              ],
              "subInstructions": []
            }
          ],
          "actions": [
            {
              "type": {
                "inverted": false,
                "value": "Scene"
              },
              "parameters": [
                "",
                "\"Main Menu mobile\"",
                ""
              ],
              "subInstructions": []
            }
          ],
          "events": []
        },
        {
          "disabled": false,
          "folded": false,
          "type": "BuiltinCommonInstructions::Standard",
          "conditions": [
            {
              "type": {
                "inverted": true,
                "value": "SystemInfo::HasTouchScreen"
              },
              "parameters": [
                ""
              ],
              "subInstructions": []
            }
          ],
          "actions": [
            {
              "type": {
                "inverted": false,
                "value": "Scene"
              },
              "parameters": [
                "",
                "\"Main Menu pc\"",
                ""
              ],
              "subInstructions": []
            }
          ],
          "events": []
        }
      ]
    },
    {
      "disabled": false,
      "folded": false,
      "type": "BuiltinCommonInstructions::Standard",
      "conditions": [
        {
          "type": {
            "inverted": false,
            "value": "SourisSurObjet"
          },
          "parameters": [
            "NewObject7",
            "",
            "",
            ""
          ],
          "subInstructions": []
        },
        {
          "type": {
            "inverted": false,
            "value": "MouseButtonReleased"
          },
          "parameters": [
            "NewObject4",
            "Left"
          ],
          "subInstructions": []
        }
      ],
      "actions": [
        {
          "type": {
            "inverted": false,
            "value": "Scene"
          },
          "parameters": [
            "",
            "\"1 begin scene\"",
            ""
          ],
          "subInstructions": []
        }
      ],
      "events": []
    }
  ],
  "layers": [
    {
      "ambientLightColorB": 649164,
      "ambientLightColorG": 1214,
      "ambientLightColorR": 1036616,
      "followBaseLayerCamera": false,
      "isLightingLayer": false,
      "name": "",
      "visibility": true,
      "cameras": [
        {
          "defaultSize": true,
          "defaultViewport": true,
          "height": 0,
          "viewportBottom": 1,
          "viewportLeft": 0,
          "viewportRight": 1,
          "viewportTop": 0,
          "width": 0
        }
      ],
      "effects": []
    }
  ],
  "behaviorsSharedData": [
    {
      "name": "Pathfinding",
      "type": "PathfindingBehavior::PathfindingBehavior"
    }
  ]
}